timestamp,npc_id,modelo,adaptabilidad,eficiencia_cpu,latencia_promedio_ms,decisiones_correctas
2025-10-18 01:07:47,1,BehaviorTree,0.4095874600353247,66.8,88.99746944524595,42
2025-10-24 13:04:33,2,BehaviorTree,0.47850145488380635,67.6,56.39,46
2025-10-18 15:52:05,3,BehaviorTree,0.5073443380176968,71.15,46.52,53
2025-10-24 10:15:24,4,BehaviorTree,0.6787246568600012,72.77,55.01,65
2025-10-19 22:00:03,5,BehaviorTree,0.7817021050888008,80.11,70.13,78
2025-10-18 23:45:11,6,BehaviorTree,0.7955232006525005,77.04,71.21,84
2025-10-24 15:55:27,7,BehaviorTree,0.7426593464304061,77.36,51.02,79
2025-10-24 07:42:06,8,BehaviorTree,0.8378486173131998,78.61,67.94,79
2025-10-18 05:47:18,9,BehaviorTree,0.7558992519188205,59.4,62.33,71
2025-10-24 11:40:12,10,BehaviorTree,0.5922012124422782,80.24,48.38,60
2025-10-22 01:47:14,11,BehaviorTree,0.4836113716974999,82.43,45.17,50
2025-10-22 16:41:57,12,BehaviorTree,0.7019740073470405,69.66,55.15,68
2025-10-22 16:23:34,13,BehaviorTree,0.6220315476090226,72.36,59.99,59
2025-10-19 07:26:27,14,BehaviorTree,0.5850028457450583,71.88,43.74,61
2025-10-21 10:36:49,15,BehaviorTree,0.5327601181430403,68.07,62.1,54
2025-10-24 21:06:34,16,BehaviorTree,0.4045484393705584,80.54,47.85,39
2025-10-22 05:30:38,17,BehaviorTree,0.6321706214811514,61.37,77.46740753967782,65
2025-10-19 01:41:02,18,BehaviorTree,0.8464953132438575,67.58,52.33,86
2025-10-19 07:21:43,19,BehaviorTree,0.8408469514208848,74.21,59.39,85
2025-10-20 22:06:41,20,BehaviorTree,0.44900763020043577,65.68,49.5,42
2025-10-18 16:27:17,21,BehaviorTree,0.5005978285219275,84.77,47.15,52
2025-10-24 22:03:35,22,BehaviorTree,0.5616358132459474,63.07,56.71,56
2025-10-24 00:37:53,23,BehaviorTree,0.6894996671052654,62.75,54.2,74
2025-10-19 21:45:45,24,BehaviorTree,0.466930126598433,77.24,61.48,43
2025-10-21 15:17:14,25,BehaviorTree,0.6242282470480616,73.21,67.92,62
2025-10-23 23:34:01,26,BehaviorTree,0.5133182593885384,63.01,60.46,53
2025-10-24 12:32:15,27,BehaviorTree,0.7432964592626169,65.47,53.87,77
2025-10-23 05:50:58,28,BehaviorTree,0.8372292942037061,72.99,54.69,86
2025-10-18 18:44:42,29,BehaviorTree,0.8006502158524721,78.02,117.04088210818244,80
2025-10-23 21:03:09,30,BehaviorTree,0.6098876909536781,76.55,64.6,58
2025-10-18 03:12:25,31,BehaviorTree,0.6459870583622109,61.35,50.97,61
2025-10-18 22:37:22,32,BehaviorTree,0.6927485252451604,69.71,50.92,70
2025-10-18 08:49:24,33,BehaviorTree,0.7331529188253723,72.22,71.73,69
2025-10-21 15:57:36,34,BehaviorTree,0.7289369007060867,65.22,51.84,72
2025-10-18 04:12:24,35,BehaviorTree,0.6656959797858715,64.01,56.87,63
2025-10-24 01:41:19,36,BehaviorTree,0.7774369097736438,69.95,52.16,82
2025-10-23 12:29:14,37,BehaviorTree,0.7185732319648552,64.15,57.36,70
2025-10-19 01:54:58,38,BehaviorTree,0.4698917074793787,77.34,49.59,43
2025-10-22 17:42:10,39,BehaviorTree,0.7448238500493616,60.77,53.66,73
2025-10-18 00:37:02,40,BehaviorTree,0.5290545157148479,74.96,53.93,51
2025-10-24 00:23:41,41,BehaviorTree,0.4666026999636631,79.75,47.18,50
2025-10-24 16:21:08,42,BehaviorTree,0.6786978573529637,61.83,59.76,72
2025-10-23 14:02:10,43,BehaviorTree,0.4682872469973337,64.17,43.24,44
2025-10-21 02:43:34,44,BehaviorTree,0.8348819841577564,72.04,58.33,82
2025-10-23 13:59:27,45,BehaviorTree,0.40382418328319025,,53.31,44
2025-10-24 02:37:31,46,BehaviorTree,0.5098265058315471,61.89,57.91,48
2025-10-19 16:17:27,47,BehaviorTree,0.796687110124745,60.38,70.34,75
2025-10-24 05:30:08,48,BehaviorTree,0.8204779804536576,60.08,57.06,78
2025-10-24 05:34:17,49,BehaviorTree,0.6882484344703238,73.82,66.55,65
2025-10-22 19:26:41,50,BehaviorTree,0.7670926519415718,62.34,72.71,81
2025-10-24 16:01:16,51,BehaviorTree,0.43980053029647737,74.35,51.12,42
2025-10-24 02:25:51,52,BehaviorTree,0.8400749895328735,69.99,71.84,80
2025-10-22 08:31:17,53,BehaviorTree,0.5407716527781287,80.21,102.52609999972591,58
2025-10-24 17:18:47,54,BehaviorTree,0.5739866713128652,71.22,47.39,58
2025-10-20 13:25:04,55,BehaviorTree,0.6619696711858953,67.9,48.9,64
2025-10-22 20:11:29,56,BehaviorTree,0.5994940930642029,65.23,47.45,64
2025-10-20 17:18:39,57,BehaviorTree,0.5381427018194902,66.3,50.38,51
2025-10-24 18:56:33,58,BehaviorTree,0.8042838270297714,67.17,64.03,78
2025-10-24 11:49:52,59,BehaviorTree,0.6409845657268612,74.84,55.98,68
2025-10-23 05:08:55,60,BehaviorTree,0.7892006112177458,81.74,62.9,75
2025-10-24 15:14:20,61,BehaviorTree,0.8223849392337648,66.79,58.48,83
2025-10-19 20:08:47,62,BehaviorTree,0.6240166418484678,82.33,64.33,59
2025-10-23 12:37:04,63,BehaviorTree,0.801420443789425,58.07,101.09205889145436,82
2025-10-23 21:50:22,64,BehaviorTree,0.47295152792267664,65.11,58.96,43
2025-10-21 10:54:40,65,BehaviorTree,0.48787313082697603,74.96,63.63,48
2025-10-24 11:43:53,66,BehaviorTree,0.8426461195839543,79.4,57.52,89
2025-10-21 23:06:41,67,BehaviorTree,0.659133367585713,71.85,45.77,66
2025-10-22 02:45:52,68,BehaviorTree,0.5590827131519747,67.17,60.94,54
2025-10-20 22:57:45,69,BehaviorTree,0.44542986361553405,,51.79,47
2025-10-21 03:54:26,70,BehaviorTree,0.7213870277513005,72.57,67.28,75
2025-10-18 17:07:47,71,BehaviorTree,0.690478810163651,72.91,60.04,72
2025-10-21 22:04:44,72,BehaviorTree,0.7559000316506697,68.91,57.46,80
2025-10-19 16:32:09,73,BehaviorTree,0.5019450739414953,61.43,47.45,47
2025-10-22 18:04:13,74,BehaviorTree,0.4072041875353194,61.77,51.95,42
2025-10-21 12:10:52,75,BehaviorTree,0.7945988561198224,70.98,64.1,80
2025-10-17 23:35:18,76,BehaviorTree,0.5742389431804333,72.41,56.43,55
2025-10-21 06:46:15,77,BehaviorTree,0.6427728011611882,77.96,76.509617129792,68
2025-10-23 01:17:07,78,BehaviorTree,0.685558775804401,68.27,58.97,70
2025-10-20 19:42:54,79,BehaviorTree,0.45503515309615256,66.61,41.3,48
2025-10-19 07:48:39,80,BehaviorTree,0.5422291613353714,63.11,51.43,50
2025-10-23 22:02:36,81,BehaviorTree,0.7661750512641409,77.29,52.38,73
2025-10-19 02:19:46,82,BehaviorTree,0.76946397069882,75.0,54.12,72
2025-10-19 06:42:44,83,BehaviorTree,0.6281692747207888,71.52,53.28,64
2025-10-19 12:38:47,84,BehaviorTree,0.7893315797327669,80.11,50.14,79
2025-10-22 03:16:47,85,BehaviorTree,0.7304762953148107,77.03,82.80544569543592,72
2025-10-19 13:57:02,86,BehaviorTree,0.70934652733626,77.62,50.29,66
2025-10-19 18:17:10,87,BehaviorTree,0.5461095242431456,80.72,60.5,32
2025-10-21 08:35:38,88,BehaviorTree,0.6922820475552258,76.23,66.66,72
2025-10-24 04:05:57,89,BehaviorTree,0.4745000381758925,68.82,63.79,51
2025-10-20 04:28:19,90,BehaviorTree,0.7621829684772076,71.19,60.41,80
2025-10-24 11:30:57,91,BehaviorTree,0.5253828158614265,78.03,55.08,49
2025-10-24 03:51:47,92,BehaviorTree,0.5767487438202576,82.17,53.76,57
2025-10-23 20:20:39,93,BehaviorTree,0.6885102337784199,74.21,47.13,68
2025-10-18 07:26:20,94,BehaviorTree,0.828199252736002,72.89,52.39,79
2025-10-21 00:29:56,95,BehaviorTree,0.7544552088300196,66.08,51.36,80
2025-10-22 02:02:49,96,BehaviorTree,0.7285967076798276,77.96,68.96,56
2025-10-24 01:45:55,97,BehaviorTree,0.6932395071372301,58.48,66.17,67
2025-10-21 04:05:00,98,BehaviorTree,,65.23,59.08,80
2025-10-21 19:34:04,99,BehaviorTree,0.7929710197511708,64.77,72.39,81
2025-10-24 08:12:38,100,BehaviorTree,,64.74,54.59,48
2025-10-19 02:47:39,101,BehaviorTree,0.784118723234128,72.56,61.51,82
2025-10-22 09:30:43,102,BehaviorTree,0.7771644363418104,81.11,91.46672665502604,80
2025-10-21 01:30:31,103,BehaviorTree,0.7990130256822585,79.58,57.18,75
2025-10-18 10:47:59,104,BehaviorTree,0.7393074877973419,64.57,65.84,73
2025-10-22 15:19:09,105,BehaviorTree,0.7516866792553737,59.08,69.97,78
2025-10-19 23:34:06,106,BehaviorTree,0.6001640824693214,62.25,47.74,57
2025-10-21 06:53:20,107,BehaviorTree,0.6660792740289457,71.45,69.47,71
2025-10-23 00:54:52,108,BehaviorTree,0.5753586064138024,71.88,65.14,61
2025-10-24 16:07:04,109,BehaviorTree,0.7737367713375201,70.16,61.64,73
2025-10-19 19:13:29,110,BehaviorTree,0.550078805563989,71.68,54.3,51
2025-10-20 18:02:04,111,BehaviorTree,0.4023542348801237,83.77,39.29,41
2025-10-20 04:31:38,112,BehaviorTree,0.7680221614839787,59.12,56.52,80
2025-10-21 22:09:19,113,BehaviorTree,0.4657500748991376,68.45,63.68,49
2025-10-18 20:02:08,114,BehaviorTree,0.5044732374455901,63.91,51.48,46
2025-10-22 10:30:58,115,BehaviorTree,0.7412532146746726,76.18,71.28,73
2025-10-24 15:12:14,116,BehaviorTree,0.43087190490706767,72.54,57.19,43
2025-10-24 11:13:44,117,BehaviorTree,0.5962613308315372,71.95,66.01,60
2025-10-19 13:47:23,118,BehaviorTree,0.6600881412685797,67.07,65.3,62
2025-10-19 10:56:45,119,BehaviorTree,0.7707697184871969,78.28,67.23,76
2025-10-23 08:59:25,120,BehaviorTree,0.6552209756427034,65.51,55.76,62
2025-10-24 01:10:30,121,BehaviorTree,0.7417545534463406,76.75,61.15,79
2025-10-22 12:15:44,122,BehaviorTree,0.6046760666215918,73.95,51.36,58
2025-10-24 06:02:25,123,BehaviorTree,0.42147069645777685,78.28,49.22,47
2025-10-24 15:00:48,124,BehaviorTree,0.5266353760730511,83.41,62.48,51
2025-10-24 12:34:48,125,BehaviorTree,0.6322111077898619,73.41,51.51,51
2025-10-19 16:27:27,126,BehaviorTree,0.7061110629305121,68.95,67.97,73
2025-10-22 06:08:28,127,BehaviorTree,0.5409024291922007,59.64,61.02,52
2025-10-21 02:45:37,128,BehaviorTree,0.7914478709662541,81.45,66.83,84
2025-10-18 16:05:23,129,BehaviorTree,0.5066434239391326,68.12,42.91,55
2025-10-20 07:36:35,130,BehaviorTree,0.7124713193103291,73.88,71.28,69
2025-10-24 16:54:41,131,BehaviorTree,0.8101769622132156,76.56,51.26,85
2025-10-24 03:42:31,132,BehaviorTree,0.567293203898913,83.84,45.51,59
2025-10-20 04:08:52,133,BehaviorTree,0.5459105162853045,76.04,63.86,55
2025-10-21 08:19:24,134,BehaviorTree,0.5443562622266833,66.03,43.12,52
2025-10-23 21:20:27,135,BehaviorTree,0.4691930425447117,68.19,60.97,49
2025-10-18 05:05:12,136,BehaviorTree,0.6969531188919011,71.48,53.97,70
2025-10-18 21:40:01,137,BehaviorTree,0.770245471441132,71.83,64.85,73
2025-10-21 06:12:07,138,BehaviorTree,0.8140401498779083,73.36,54.01,85
2025-10-18 16:34:28,139,BehaviorTree,0.5579554403582186,70.35,46.44,56
2025-10-19 19:46:50,140,BehaviorTree,0.6412729669299122,71.63,65.48,65
2025-10-21 15:15:03,141,BehaviorTree,0.60867461890763,74.61,59.28,64
2025-10-19 13:32:08,142,BehaviorTree,0.5113644287723548,77.4,56.38,56
2025-10-19 00:13:58,143,BehaviorTree,0.6697371226972215,81.18,52.49,70
2025-10-24 04:29:41,144,BehaviorTree,0.7487412404339022,81.14,72.26,75
2025-10-19 09:00:10,145,BehaviorTree,0.5240408023096719,73.82,53.53,49
2025-10-20 14:25:48,146,BehaviorTree,0.6734286187040097,77.78,52.81,66
2025-10-24 22:02:32,147,BehaviorTree,0.6642192297930105,83.27,56.17,62
2025-10-20 21:20:22,148,BehaviorTree,0.6871714126232067,80.92,51.54,70
2025-10-19 16:58:57,149,BehaviorTree,0.4443720927419186,82.83,43.78,45
2025-10-19 19:19:55,150,BehaviorTree,0.4608482451502445,71.61,42.0,50
2025-10-22 19:00:46,151,BehaviorTree,0.7156647287821529,64.37,53.37,67
2025-10-24 11:26:25,152,BehaviorTree,0.7299484160710112,60.29,65.06,76
2025-10-18 14:41:47,153,BehaviorTree,0.8095332376234075,70.7,64.56,84
2025-10-21 08:48:56,154,BehaviorTree,0.6264101927818928,62.81,59.25,67
2025-10-19 02:13:33,155,BehaviorTree,0.6361763173222819,67.75,57.8,66
2025-10-18 03:40:44,156,BehaviorTree,0.6671718765785921,76.77,53.6,63
2025-10-23 03:36:49,157,BehaviorTree,0.5745413509265814,59.4,47.78,59
2025-10-18 17:44:40,158,BehaviorTree,0.8439721778256724,73.53,75.16,83
2025-10-24 02:25:28,159,BehaviorTree,0.4378762117587097,73.04,61.08,43
2025-10-18 10:46:21,160,BehaviorTree,0.6228354069280165,81.71,64.37,59
2025-10-22 08:50:48,161,BehaviorTree,0.5626206171678563,68.73,61.19,55
2025-10-18 01:34:35,162,BehaviorTree,0.7910941405890421,69.27,66.5,74
2025-10-22 07:12:58,163,BehaviorTree,0.5760430634637559,72.46,47.8,58
2025-10-21 13:12:57,164,BehaviorTree,0.5770547725535563,66.09,58.98,56
2025-10-19 13:52:37,165,BehaviorTree,0.7657123896547214,64.31,49.91,77
2025-10-19 07:28:53,166,BehaviorTree,0.7187138360334222,67.94,58.84,71
2025-10-18 18:12:33,167,BehaviorTree,0.8090570074431949,77.48,54.1,79
2025-10-18 01:54:01,168,BehaviorTree,0.42324049349912585,71.79,40.77,42
2025-10-21 17:27:34,169,BehaviorTree,0.44039950137054096,77.2,57.06,48
2025-10-21 05:40:01,170,BehaviorTree,0.5389819255740915,72.14,59.98,53
2025-10-18 05:26:59,171,BehaviorTree,0.7331412080379438,75.51,47.7,70
2025-10-20 02:35:00,172,BehaviorTree,0.47915677699801273,64.46,61.74,47
2025-10-20 14:41:32,173,BehaviorTree,0.6348262541252992,61.05,62.59,67
2025-10-18 02:04:44,174,BehaviorTree,0.7574872997693413,75.79,48.95,79
2025-10-24 08:28:39,175,BehaviorTree,0.5089116597336689,,41.73,55
2025-10-24 14:57:58,176,BehaviorTree,0.7179847295837825,78.56,69.87,74
2025-10-20 18:40:38,177,BehaviorTree,0.547142224580426,72.29,41.52,54
2025-10-21 14:34:52,178,BehaviorTree,0.7590455776177092,78.17,58.69,73
2025-10-18 18:22:11,179,BehaviorTree,0.601540404419114,62.82,60.42,62
2025-10-18 17:05:48,180,BehaviorTree,0.401430332356259,63.04,49.2,40
2025-10-20 12:49:17,181,BehaviorTree,0.6585784794511665,66.64,55.66,63
2025-10-20 17:48:34,182,BehaviorTree,0.5080662137715836,60.76,47.67,55
2025-10-18 11:26:49,183,BehaviorTree,0.4538085742399353,82.74,57.33,44
2025-10-23 04:38:28,184,BehaviorTree,0.4749107177585032,80.01,48.34,47
2025-10-24 19:38:58,185,BehaviorTree,0.8321967985834284,70.82,63.38,97
2025-10-24 16:45:08,186,BehaviorTree,0.6440379748152603,70.62,68.95,68
2025-10-23 06:40:21,187,BehaviorTree,0.5749322692399649,70.08,46.08,54
2025-10-19 13:13:40,188,BehaviorTree,0.7164628088343359,60.58,56.16,73
2025-10-18 12:36:01,189,BehaviorTree,0.8467287917008729,62.44,63.82,85
2025-10-24 18:27:59,190,BehaviorTree,0.530754920140494,68.61,60.58,56
2025-10-23 00:56:59,191,BehaviorTree,0.7174035222849293,80.53,49.58,71
2025-10-20 22:53:02,192,BehaviorTree,0.5086621744712518,78.81,43.83,50
2025-10-19 06:00:38,193,BehaviorTree,0.7780125229607282,76.51,72.92,73
2025-10-23 05:04:47,194,BehaviorTree,0.7298688475778489,74.88,61.07,75
2025-10-24 04:05:44,195,BehaviorTree,0.5490851453219044,83.35,61.26,56
2025-10-19 10:16:19,196,BehaviorTree,0.7767892955057525,73.05,68.44,81
2025-10-20 06:43:33,197,BehaviorTree,0.7476389191494982,66.26,49.99,71
2025-10-23 13:57:28,198,BehaviorTree,0.6822708847619796,72.68,56.13,73
2025-10-23 11:12:39,199,BehaviorTree,0.41126321580155073,70.93,56.05,40
2025-10-23 04:24:59,200,BehaviorTree,0.660876570383204,74.83,45.3,62
2025-10-20 14:02:11,201,BehaviorTree,0.5699850900605803,81.64,63.03,53
2025-10-19 21:40:15,202,BehaviorTree,0.6706531133055205,76.38,65.28,63
2025-10-18 07:57:53,203,BehaviorTree,0.7485473480157205,75.32,48.19,77
2025-10-20 20:33:46,204,BehaviorTree,0.5558891428340624,,46.49,55
2025-10-19 15:52:17,205,BehaviorTree,0.7898634975027188,57.75,49.88,76
2025-10-21 18:31:27,206,BehaviorTree,0.4566547375507176,76.42,39.37,46
2025-10-24 17:06:28,207,BehaviorTree,0.8229828336039564,68.41,58.66,78
2025-10-24 13:18:30,208,BehaviorTree,0.4183077552588226,83.1,58.7,44
2025-10-18 19:58:16,209,BehaviorTree,0.6727178512313419,75.19,59.0,69
2025-10-21 09:27:59,210,BehaviorTree,0.7238696659477977,78.64,52.65,53
2025-10-20 03:37:10,211,BehaviorTree,0.8047439072129793,67.18,49.63,84
2025-10-20 09:12:23,212,BehaviorTree,,66.48,52.79,62
2025-10-23 08:04:14,213,BehaviorTree,0.6318024981177087,65.91,48.47,66
2025-10-22 19:09:18,214,BehaviorTree,0.5140623608043386,80.08,52.66,50
2025-10-23 18:58:04,215,BehaviorTree,0.5549008160642555,66.74,50.41,53
2025-10-19 19:57:01,216,BehaviorTree,0.5492074184339284,61.22,48.68,57
2025-10-21 12:59:15,217,BehaviorTree,0.4539004763056417,65.17,46.4,48
2025-10-21 18:18:41,218,BehaviorTree,0.6741930788829141,71.01,58.09,63
2025-10-19 04:54:18,219,BehaviorTree,0.6599628438628027,72.78,49.42,69
2025-10-24 21:27:24,220,BehaviorTree,0.45837471728620377,61.34,46.94,46
2025-10-20 13:57:08,221,BehaviorTree,0.7707537303858123,63.3,65.24,78
2025-10-23 08:59:30,222,BehaviorTree,0.5436049227797881,68.09,120.16775451552337,58
2025-10-20 05:56:21,223,BehaviorTree,0.5350469903106805,78.01,45.48,56
2025-10-18 09:26:43,224,BehaviorTree,0.49889205446973905,61.75,56.59,48
2025-10-21 23:43:32,225,BehaviorTree,0.6284219113336618,66.31,53.97,58
2025-10-24 05:56:00,226,BehaviorTree,0.49586931481278607,60.33,46.16,49
2025-10-22 03:35:48,227,BehaviorTree,0.4802132130704406,84.39,63.67,51
2025-10-22 08:12:05,228,BehaviorTree,0.6046878945022354,68.94,67.89,59
2025-10-22 11:41:33,229,BehaviorTree,0.7414026466885619,70.46,71.59,75
2025-10-23 08:44:22,230,BehaviorTree,0.5589777303477095,83.81,58.93,55
2025-10-22 01:57:56,231,BehaviorTree,0.8261227427113857,60.53,71.73,81
2025-10-20 19:20:51,232,BehaviorTree,0.4430701711013507,82.36,39.77,44
2025-10-18 10:50:17,233,BehaviorTree,0.49771751100017414,70.12,61.13,48
2025-10-18 10:57:44,234,BehaviorTree,0.6065136743344326,80.55,43.5,58
2025-10-18 14:08:29,235,BehaviorTree,0.6664321778585522,81.51,50.37,65
2025-10-20 14:19:16,236,BehaviorTree,0.7462258106051738,81.29,57.06,71
2025-10-19 15:22:20,237,BehaviorTree,0.5227650560234575,72.56,56.98,51
2025-10-21 02:27:37,238,BehaviorTree,0.8066693747893613,66.56,68.52,85
2025-10-23 03:37:38,239,BehaviorTree,0.5045126534100568,68.71,62.33,55
2025-10-21 05:49:37,240,BehaviorTree,0.7981869194293886,57.6,69.71,85
2025-10-19 00:22:58,241,BehaviorTree,0.7573022433258512,67.33,61.07,80
2025-10-23 02:21:42,242,BehaviorTree,0.8371286843845458,70.06,51.34,81
2025-10-19 23:18:37,243,BehaviorTree,0.5407190814000777,62.53,53.69,52
2025-10-24 07:14:29,244,RL,0.6051403271744487,85.17,73.7,62
2025-10-23 03:11:00,245,RL,0.5103673830673996,76.94,51.48,52
2025-10-20 23:17:16,246,RL,0.7957981598034334,68.33,89.41,82
2025-10-20 07:23:31,247,RL,0.7510056275576515,61.41,78.33,74
2025-10-21 16:25:23,248,RL,0.5312163138390338,70.04,70.25,56
2025-10-18 11:00:39,249,RL,0.8471837334213461,82.1,68.66,87
2025-10-24 07:16:26,250,RL,0.8869790464213922,70.12,85.13,91
2025-10-19 00:41:47,251,RL,0.6358263130439957,81.33,70.23,62
2025-10-18 20:08:04,252,RL,0.5621563171907905,70.68,66.43,59
2025-10-18 17:19:46,253,RL,0.6891117740288305,82.77,68.95,69
2025-10-19 11:46:35,254,RL,0.8010743098671252,81.65,71.25,80
2025-10-21 13:50:34,255,RL,0.5999490497144756,78.13,81.98,57
2025-10-20 21:37:31,256,RL,0.6820024485729845,63.93,59.58,70
2025-10-24 22:19:04,257,RL,0.6729345610975056,65.84,83.69,66
2025-10-22 18:44:54,258,RL,0.8141974027466246,70.99,81.17,84
2025-10-18 12:49:41,259,RL,0.696691993048017,62.21,77.09,70
2025-10-21 14:20:30,260,RL,0.7293168660487344,65.34,70.57,76
2025-10-19 09:25:36,261,RL,0.8093845110838722,58.33,68.74,83
2025-10-18 17:49:33,262,RL,0.8035575703737945,64.74,62.69,83
2025-10-21 19:27:56,263,RL,0.6561967485843352,68.96,82.23,65
2025-10-23 18:58:49,264,RL,0.5858935495604524,85.62,62.43,58
2025-10-23 17:40:19,265,RL,0.5389327871560992,64.56,73.07,53
2025-10-18 11:30:59,266,RL,0.5220723373501865,69.95,56.26,54
2025-10-18 08:46:45,267,RL,0.7908722962616015,70.51,62.43,81
2025-10-20 08:10:31,268,RL,0.5725452556816992,74.49,131.9097888796977,57
2025-10-24 11:47:36,269,RL,0.8838455947816304,56.83,65.36,85
2025-10-18 08:00:04,270,RL,0.5267400841577852,62.28,79.89,54
2025-10-22 11:32:50,271,RL,0.6415600114918231,72.28,62.46,63
2025-10-19 12:59:16,272,RL,0.5390486301737634,65.84,66.07,52
2025-10-21 00:29:25,273,RL,0.5275188638176641,72.62,78.98,51
2025-10-18 07:06:59,274,RL,,69.71,79.98,91
2025-10-19 05:16:44,275,RL,0.6319186562621598,63.62,63.38,64
2025-10-23 03:48:32,276,RL,0.5441402781049096,78.31,71.86,57
2025-10-23 16:14:45,277,RL,0.6530927426057496,66.55,73.71,66
2025-10-18 04:00:46,278,RL,0.5588931902858969,65.07,73.16,56
2025-10-18 14:49:50,279,RL,0.559289256543186,,61.0,55
2025-10-22 06:23:23,280,RL,,75.29,77.82,75
2025-10-18 21:51:41,281,RL,0.8467588897098706,67.21,66.2,85
2025-10-21 23:15:22,282,RL,0.7454665375301429,73.97,88.35,67
2025-10-18 12:33:05,283,RL,0.5325429837532096,78.77,58.81,56
2025-10-18 11:28:32,284,RL,0.5302589450412252,67.42,55.28,54
2025-10-23 01:07:35,285,RL,0.565338077782486,74.84,79.96,57
2025-10-21 15:51:59,286,RL,0.5970664114009542,67.52,81.61,61
2025-10-20 12:18:54,287,RL,0.6703041076382279,62.34,57.47,65
2025-10-23 22:53:17,288,RL,0.5987703543007181,83.49,78.55,63
2025-10-20 10:56:11,289,RL,0.8926162971302021,72.09,89.67,88
2025-10-21 12:14:19,290,RL,0.6340833522861269,63.26,82.09,62
2025-10-20 08:42:31,291,RL,0.6852460680445746,84.56,75.82,66
2025-10-23 01:47:38,292,RL,0.6242865321542526,65.94,79.96,60
2025-10-24 09:58:39,293,RL,0.6768059411617824,77.72,74.2,67
2025-10-23 12:21:24,294,RL,0.7318477871539942,73.33,72.74,73
2025-10-20 12:05:15,295,RL,0.7182621047681479,79.36,73.57,75
2025-10-24 19:21:15,296,RL,0.8597094415370921,60.67,66.62,88
2025-10-23 20:50:27,297,RL,0.6756451387588247,74.52,65.52,70
2025-10-18 03:31:18,298,RL,0.5526963094282902,79.25,72.88,58
2025-10-23 19:38:44,299,RL,0.5187082905156783,66.37,57.02,53
2025-10-20 12:09:11,300,RL,0.6933000666356965,72.72,77.27,67
2025-10-22 15:48:08,301,RL,0.8613912236658127,72.46,86.69,87
2025-10-18 19:31:22,302,RL,0.6674402183017097,74.58,72.85,67
2025-10-22 17:56:54,303,RL,0.7546330338698783,67.17,89.98,74
2025-10-22 21:47:03,304,RL,0.7752915472934965,64.22,86.1,76
2025-10-21 02:27:15,305,RL,0.7049102349299547,77.03,76.77,70
2025-10-21 18:34:57,306,RL,0.5550209284775656,72.83,68.48,55
2025-10-23 18:30:16,307,RL,0.7781594164182664,65.26,85.93,80
2025-10-18 09:53:47,308,RL,0.5817135075050078,82.57,65.54,59
2025-10-22 18:06:56,309,RL,0.6288380803031863,67.92,59.09,64
2025-10-20 15:07:43,310,RL,0.8096514938656855,79.74,64.13,82
2025-10-18 14:57:09,311,RL,0.882362616075029,73.82,68.94,88
2025-10-24 02:54:27,312,RL,0.6878570833488091,76.12,67.82,68
2025-10-22 09:43:21,313,RL,0.5132774648008065,85.46,68.87,54
2025-10-24 12:51:11,314,RL,0.7402517301842068,71.04,85.53,72
2025-10-20 12:41:19,315,RL,0.5088073413055797,85.2,52.29,54
2025-10-19 10:53:01,316,RL,0.6463271193284778,65.11,73.4,63
2025-10-19 21:47:24,317,RL,0.7211023975492373,62.04,78.92,75
2025-10-19 20:44:34,318,RL,0.7770609004030511,71.31,82.68,66
2025-10-22 22:58:48,319,RL,0.8345376677274932,68.8,83.42,83
2025-10-23 08:13:23,320,RL,0.5986148271107924,85.24,58.19,63
2025-10-24 09:16:26,321,RL,,71.67,77.8,66
2025-10-24 06:27:16,322,RL,0.6946318329851504,64.92,69.51,67
2025-10-19 04:12:26,323,RL,0.5080541604586255,81.76,59.6,52
2025-10-24 10:07:57,324,RL,0.5817461662449084,65.27,64.43,56
2025-10-19 01:13:26,325,RL,0.6112763016058586,82.97,68.22,61
2025-10-20 06:25:07,326,RL,0.5990581529633425,61.27,83.89,61
2025-10-18 23:49:33,327,RL,0.6469693676387496,85.24,76.16,66
2025-10-21 09:16:34,328,RL,0.7697561423547481,60.3,69.38,74
2025-10-18 07:53:25,329,RL,0.5389217138439788,63.46,70.47,57
2025-10-21 02:40:39,330,RL,0.8295323764907812,71.95,81.71,84
2025-10-20 16:18:29,331,RL,0.6972655891453554,72.39,66.69,70
2025-10-21 20:00:37,332,RL,0.7743540660521652,70.67,82.78,79
2025-10-24 15:00:17,333,RL,0.8636976668192635,61.27,75.38,89
2025-10-23 13:50:48,334,RL,0.6544333492394565,72.66,85.23,67
2025-10-19 05:00:25,335,RL,0.8458900787640693,72.6,87.21,85
2025-10-18 05:17:23,336,RL,0.5147856009783882,65.26,60.0,52
2025-10-21 19:53:30,337,RL,0.7275029237370823,68.17,79.93,73
2025-10-20 04:05:17,338,RL,0.8405102571461387,66.42,85.95,81
2025-10-24 00:49:08,339,RL,0.8726629916885503,71.11,78.49,86
2025-10-24 17:41:15,340,RL,,69.14,61.59,63
2025-10-19 06:05:14,341,RL,0.8239246656516517,70.87,78.35,82
2025-10-23 18:14:20,342,RL,0.5985304155972788,85.08,75.51,60
2025-10-19 07:10:15,343,RL,0.5073948865573361,81.58,77.32,50
2025-10-24 02:43:19,344,RL,0.698940062168122,72.6,76.49,69
2025-10-23 10:42:13,345,RL,0.5767135379868906,74.01,58.63,59
2025-10-22 22:05:55,346,RL,0.8014831462041845,58.27,65.07,79
2025-10-20 03:42:21,347,RL,0.7284937966204629,72.95,75.17,74
2025-10-22 11:54:14,348,RL,0.6342682353309524,70.45,61.43,62
2025-10-20 20:02:00,349,RL,0.8428998517149604,81.22,71.47,85
2025-10-23 11:14:50,350,RL,0.7824574160092674,73.33,62.37,80
2025-10-24 01:36:47,351,RL,0.5768380022565143,75.84,58.61,59
2025-10-20 11:27:41,352,RL,0.8525546066477768,81.55,73.05,85
2025-10-24 09:12:41,353,RL,0.6527682338273666,62.11,62.81,66
2025-10-21 02:50:26,354,RL,0.7279749797846296,81.86,82.81,70
2025-10-21 20:02:25,355,RL,0.7318117639450539,68.21,83.28,76
2025-10-21 07:23:22,356,RL,0.5283354722946946,86.55,67.82,54
2025-10-20 14:32:54,357,RL,0.815427384162542,61.97,82.52,80
2025-10-23 13:51:29,358,RL,0.5904675242398812,81.45,54.25,58
2025-10-18 15:00:07,359,RL,0.8192957606544731,58.89,92.01,69
2025-10-22 08:58:30,360,RL,0.7567091685170629,79.04,117.51694546407047,74
2025-10-20 16:57:15,361,RL,0.5830023771011916,66.78,55.03,61
2025-10-21 13:51:22,362,RL,0.8907055613717363,74.2,74.02,90
2025-10-23 18:26:11,363,RL,0.5036073554213896,84.79,60.9,53
2025-10-21 14:26:51,364,RL,0.7429322498613944,64.1,61.64,77
2025-10-24 01:33:17,365,RL,0.8531121999841726,61.47,73.8,86
2025-10-20 19:24:30,366,RL,0.6591565931014105,70.04,68.66,68
2025-10-22 11:40:16,367,RL,0.729670448934881,79.38,64.52,75
2025-10-20 01:12:05,368,RL,0.8669916167237874,67.4,69.08,87
2025-10-18 03:33:48,369,RL,0.8949636850345425,61.35,78.81,89
2025-10-22 08:35:32,370,RL,0.7433893517190476,59.88,69.88,73
2025-10-20 23:20:32,371,RL,0.6681623578366065,81.75,85.43,69
2025-10-24 07:09:27,372,RL,0.5291831683496336,63.68,73.56,53
2025-10-24 10:42:41,373,RL,0.8856826973610701,63.41,68.44,91
2025-10-24 04:18:03,374,RL,0.532204420411928,82.39,81.19,53
2025-10-21 01:43:43,375,RL,0.836229357112118,65.09,82.55,86
2025-10-22 07:00:52,376,RL,0.7966880145758064,64.3,123.84787646953797,77
2025-10-20 12:08:25,377,RL,0.8953485597065819,58.3,85.59,91
2025-10-22 17:11:41,378,RL,0.5366311338257604,70.69,65.63,54
2025-10-23 23:51:42,379,RL,0.7862620889601866,62.35,78.45,78
2025-10-22 01:17:53,380,RL,0.7136504471313778,72.14,60.78,73
2025-10-24 05:24:48,381,RL,0.7612378179536998,62.75,78.38,75
2025-10-23 12:08:21,382,RL,0.5340842028821453,79.44,76.25,55
2025-10-23 00:23:48,383,RL,,79.86,76.87,70
2025-10-18 06:46:42,384,RL,0.7299505019051671,82.34,66.48,73
2025-10-21 17:56:26,385,RL,0.8089209481042932,71.34,83.29,80
2025-10-24 07:41:02,386,RL,,61.25,81.97,80
2025-10-20 07:44:59,387,RL,0.5742364400413429,74.04,69.03,56
2025-10-22 14:48:31,388,RL,0.7711781000302121,70.27,88.32,77
2025-10-23 23:31:16,389,RL,0.5135344773465322,82.4,59.84,54
2025-10-19 16:07:23,390,RL,0.5014148040229209,71.57,51.54,50
2025-10-23 06:43:30,391,RL,0.5258404530547731,77.48,60.4,51
2025-10-22 22:38:26,392,RL,0.5363648124411855,76.53,65.64,52
2025-10-18 13:33:24,393,RL,0.8258356162562477,58.44,79.59,85
2025-10-19 07:20:46,394,RL,0.5095064848762058,76.43,71.92,51
2025-10-20 11:21:32,395,RL,0.7536497698873525,65.18,87.69,78
2025-10-20 11:31:04,396,RL,0.8761397334157907,81.42,75.05,87
2025-10-24 14:43:13,397,RL,0.5526466413762783,81.32,73.27,57
2025-10-20 08:51:21,398,RL,0.8743060886825458,81.45,65.0,89
2025-10-24 22:44:45,399,RL,0.7721329216583275,79.42,90.88,77
2025-10-20 21:53:08,400,RL,0.8408195014157783,74.66,82.62,87
2025-10-19 19:56:27,401,RL,0.7880751037980418,69.23,145.7779376924223,79
2025-10-22 11:13:11,402,RL,0.8949099389562327,69.75,89.23,88
2025-10-24 09:14:40,403,RL,0.78702145703143,69.58,88.2,78
2025-10-21 15:28:43,404,RL,0.7845657101744297,74.2,87.46,81
2025-10-21 14:39:04,405,RL,0.6865868056676133,69.67,73.49,68
2025-10-18 22:36:37,406,RL,0.8585136128023163,64.7,89.44,86
2025-10-18 11:47:22,407,RL,0.7422558537903092,65.78,79.96,56
2025-10-18 18:03:25,408,RL,0.5219654494572301,,80.25,49
2025-10-20 06:08:45,409,RL,0.6233175685124298,75.66,78.17,65
2025-10-23 15:24:37,410,RL,0.5180647710215592,69.98,72.03,51
2025-10-21 06:21:55,411,RL,0.5598093750101432,72.36,79.33,54
2025-10-20 13:37:12,412,RL,0.7095109981389645,65.94,67.54,68
2025-10-18 05:51:55,413,RL,0.673277768515098,60.24,63.52,70
2025-10-22 11:41:12,414,RL,0.5515102500730675,71.37,79.9,56
2025-10-22 10:56:15,415,RL,0.761107162131021,59.57,81.13,74
2025-10-23 04:47:24,416,RL,0.8785140571388409,57.26,84.38,87
2025-10-19 19:46:02,417,RL,0.5292672338424209,73.67,73.37,55
2025-10-18 10:17:41,418,RL,0.5127779736243905,66.19,56.19,50
2025-10-22 16:35:23,419,RL,0.5537396107540814,65.12,61.28,55
2025-10-22 11:40:49,420,RL,0.6200551308329871,72.41,74.48,61
2025-10-18 22:41:59,421,RL,0.8229108535475425,62.91,75.2,82
2025-10-21 11:20:58,422,RL,0.5411429486089886,66.11,61.42,52
2025-10-20 08:42:34,423,RL,0.7031975691595163,79.88,68.7,71
2025-10-20 08:34:04,424,RL,0.7387251344122334,74.62,87.1,72
2025-10-18 14:33:17,425,RL,0.7039426788709378,71.17,86.04,69
2025-10-23 00:29:25,426,RL,0.8376292820187095,64.6,88.53,83
2025-10-18 08:03:36,427,RL,0.6478620943648482,63.24,83.41,63
2025-10-21 18:09:17,428,RL,0.7912508087317749,67.08,69.25,82
2025-10-20 18:40:29,429,RL,0.6477061308083762,77.49,83.05,65
2025-10-22 13:07:57,430,RL,0.7751706268188732,76.7,90.83,76
2025-10-24 14:39:59,431,RL,0.69285464909822,67.51,84.23,68
2025-10-21 21:59:49,432,RL,0.821219076334996,82.56,84.37,81
2025-10-20 06:20:39,433,RL,0.5374658610492982,84.59,55.58,55
2025-10-22 16:27:08,434,RL,0.5052326871244806,83.33,59.61,49
2025-10-23 02:19:41,435,RL,0.6487349477357072,75.47,77.39,63
2025-10-21 07:54:02,436,RL,0.6050580910187113,70.88,61.54,62
2025-10-24 10:39:13,437,RL,0.8021068092828421,61.14,62.2,79
2025-10-18 18:32:51,438,RL,0.8103967846987348,72.41,91.41,79
2025-10-23 03:52:19,439,RL,0.767205903222691,59.92,75.48,77
2025-10-21 22:36:53,440,RL,0.7140806052485361,66.87,82.62,74
2025-10-18 13:03:38,441,RL,0.8541483684276022,67.95,85.73,84
2025-10-22 18:46:01,442,RL,0.5812689906896692,62.89,77.0,59
2025-10-21 22:27:30,443,RL,0.6273220327755507,85.39,61.74,65
2025-10-23 13:12:56,444,RL,0.5948036592596118,63.55,78.25,62
2025-10-24 09:34:33,445,RL,0.8675673485854083,80.5,87.26,89
2025-10-20 22:49:49,446,RL,0.7958251394605809,78.76,84.97,82
2025-10-20 17:00:43,447,RL,0.5659550581874127,69.81,62.53,59
2025-10-24 12:11:01,448,RL,0.5730479191743796,66.98,76.97,60
2025-10-22 05:38:22,449,RL,0.6381391718288066,68.84,66.1,66
2025-10-24 03:29:05,450,RL,0.7910852003522502,67.06,86.66,77
2025-10-20 08:41:32,451,RL,0.7572901172691535,76.47,74.07,76
2025-10-18 12:13:45,452,RL,0.5774553112674942,85.72,71.14,56
2025-10-17 23:55:03,453,RL,0.7248563587412,81.41,86.96,71
2025-10-22 11:31:29,454,RL,0.6355513160832356,62.19,59.67,66
2025-10-22 21:45:23,455,RL,0.7171044010466764,68.76,88.57,72
2025-10-23 02:35:33,456,RL,0.7945358841538459,70.79,63.3,81
2025-10-19 21:09:18,457,RL,0.6461577812736798,71.48,66.06,65
2025-10-19 19:05:11,458,RL,0.6122480170182304,83.21,76.03,60
2025-10-23 15:25:23,459,RL,0.5024342999637244,65.57,54.22,50
2025-10-20 20:29:25,460,RL,0.7422673420993079,81.28,82.81,77
2025-10-20 12:01:35,461,RL,0.7179547496947093,75.77,83.79,70
2025-10-20 12:00:34,462,RL,0.6863556466333203,70.4,75.06,68
2025-10-24 21:07:51,463,RL,0.5097699116885959,83.73,52.49,53
2025-10-20 07:14:14,464,RL,0.674673579730866,69.19,81.05,65
2025-10-21 05:36:45,465,RL,0.5366389541772609,79.95,76.95,52
2025-10-22 08:57:56,466,RL,0.8393391807521768,60.2,82.17,84
2025-10-24 20:40:39,467,RL,0.8387590211139879,60.42,89.66,69
2025-10-24 12:14:12,468,RL,0.6300360740541853,80.32,59.37,65
2025-10-24 19:17:09,469,RL,0.8362318735181123,80.83,66.96,85
2025-10-19 01:12:28,470,RL,0.5588172117883943,79.12,75.39,55
2025-10-21 05:41:01,471,RL,0.7611446310249306,68.97,77.03,75
2025-10-18 01:17:20,472,RL,0.6790012737071648,66.33,78.16,68
2025-10-20 08:53:06,473,RL,0.6690387746141961,70.31,75.32,69
2025-10-20 22:18:03,474,RL,0.8605380592972367,59.89,85.44,88
2025-10-22 19:42:53,475,RL,0.8166033196243565,77.95,90.61,50
2025-10-19 07:41:00,476,RL,0.5773627036558564,65.43,62.71,57
2025-10-21 22:28:01,477,RL,0.6873200010325312,65.51,71.25,70
2025-10-23 02:10:02,478,RL,0.7055674574765707,60.63,58.72,68
2025-10-18 00:37:34,479,RL,0.7322574776052215,68.5,87.85,72
2025-10-21 11:53:01,480,RL,0.5464811643717075,86.53,80.91,53
2025-10-19 13:00:02,481,RL,0.5197550965052037,79.97,62.76,50
2025-10-21 00:27:40,482,RL,,72.85,69.52,83
2025-10-24 19:33:39,483,RL,0.7045328137025929,72.89,84.49,70
2025-10-19 13:29:30,484,RL,0.8272141070165051,71.65,86.33,82
2025-10-19 08:38:13,485,RL,0.7075607367177048,77.06,66.98,72
2025-10-21 18:48:32,486,RL,0.5606151301156194,77.68,67.5,58
2025-10-19 17:08:59,487,DLR,0.7930878186503717,76.9,97.1,78
2025-10-20 03:19:22,488,DLR,,76.44,99.04,90
2025-10-20 21:26:13,489,DLR,0.6164816381581485,76.58,100.15,61
2025-10-18 00:07:37,490,DLR,0.8276442120079277,61.45,100.12,84
2025-10-20 19:47:42,491,DLR,0.7456251170609596,,105.91,73
2025-10-18 14:38:28,492,DLR,,76.9,104.02,89
2025-10-18 08:20:52,493,DLR,0.7018103859083454,79.85,75.97,69
2025-10-21 14:36:16,494,DLR,0.7753559880438798,73.6,89.89,77
2025-10-18 06:22:39,495,DLR,0.6370102035802546,85.01,72.01,64
2025-10-24 07:25:15,496,DLR,0.8865466912161847,63.29,85.69,90
2025-10-23 02:01:11,497,DLR,0.6154860537936291,74.38,95.11,74
2025-10-20 05:19:11,498,DLR,0.8944018732792189,64.82,95.22,89
2025-10-20 04:25:18,499,DLR,0.7258372722650781,77.89,103.46,71
2025-10-20 01:41:45,500,DLR,0.6743823181319035,77.02,87.31,66
2025-10-23 06:41:14,501,DLR,0.6874380986643069,81.69,98.81,67
2025-10-18 08:46:21,502,DLR,0.8872562239415005,73.63,108.04,90
2025-10-23 16:13:05,503,DLR,0.9004211480131199,70.9,102.94,89
2025-10-20 09:09:10,504,DLR,0.6085640688786663,79.79,96.8,60
2025-10-20 20:20:33,505,DLR,0.9140752194341977,77.13,93.42,92
2025-10-23 20:55:47,506,DLR,0.7730639159626653,70.26,190.75275545314489,76
2025-10-22 10:09:13,507,DLR,0.6037178961813925,66.78,71.02,60
2025-10-20 06:08:16,508,DLR,0.7494686194045107,62.68,93.32,76
2025-10-22 12:53:18,509,DLR,0.7554905543783433,,94.9,75
2025-10-19 01:34:54,510,DLR,0.6461597772482044,63.53,88.69,65
2025-10-19 16:21:35,511,DLR,0.7829158193056076,64.89,96.22,78
2025-10-24 14:34:44,512,DLR,0.9346179430137289,72.04,110.08,94
2025-10-20 23:31:37,513,DLR,0.639027689186038,65.06,92.36,65
2025-10-23 15:56:17,514,DLR,0.6603722854550209,65.24,83.46,64
2025-10-24 11:56:48,515,DLR,0.6944531876254709,69.61,80.09,69
2025-10-22 01:53:40,516,DLR,0.8031901958368977,59.84,82.89,80
2025-10-19 16:03:56,517,DLR,0.7478399621743745,81.01,95.07,74
2025-10-22 05:47:24,518,DLR,0.6296907412264862,65.33,84.67,62
2025-10-20 13:10:51,519,DLR,0.8104283734785395,72.9,85.3,83
2025-10-21 21:30:07,520,DLR,0.8554549208115532,68.54,93.74,84
2025-10-20 00:47:17,521,DLR,0.7299049963611269,75.28,84.66,74
2025-10-23 14:10:53,522,DLR,0.6278948308004424,78.92,93.51,63
2025-10-23 16:26:09,523,DLR,0.8127153639530639,62.7,110.04,81
2025-10-19 07:11:05,524,DLR,0.7546825111531534,65.16,78.55,77
2025-10-18 08:00:29,525,DLR,0.7936217158777454,65.89,96.96,79
2025-10-19 04:40:37,526,DLR,0.8059750530835943,72.76,82.64,81
2025-10-24 17:10:35,527,DLR,0.6328669408952055,64.11,96.19,63
2025-10-24 20:21:41,528,DLR,0.811006590913203,64.08,100.08,79
2025-10-18 12:30:54,529,DLR,0.8141307063705863,60.36,90.38,83
2025-10-18 21:04:24,530,DLR,0.7924733664056001,65.67,100.77,77
2025-10-18 22:00:29,531,DLR,0.6869391772329494,68.38,89.24,67
2025-10-21 16:00:19,532,DLR,0.7631145787309074,73.89,89.24,76
2025-10-20 21:22:33,533,DLR,0.6807396776840164,62.57,81.34,67
2025-10-20 23:22:34,534,DLR,0.910014491914727,70.68,101.66,93
2025-10-23 09:34:27,535,DLR,0.8022522848498801,59.28,102.91,79
2025-10-23 23:01:23,536,DLR,0.7515059539726827,72.28,93.98,76
2025-10-21 06:33:45,537,DLR,0.7862406006614647,75.23,187.0608455491704,80
2025-10-21 04:59:22,538,DLR,0.7014130394820356,70.7,76.71,71
2025-10-18 23:19:31,539,DLR,0.7796140393572116,80.16,101.53,79
2025-10-20 06:46:17,540,DLR,0.8803693070457634,66.12,86.6,87
2025-10-23 18:03:38,541,DLR,0.8982876745832793,72.24,102.86,100
2025-10-18 03:28:24,542,DLR,0.6899821746671926,66.85,100.64,70
2025-10-19 15:55:22,543,DLR,0.6281271746006218,83.92,86.03,63
2025-10-22 15:43:04,544,DLR,0.8382629986079666,60.12,87.5,84
2025-10-21 21:22:16,545,DLR,0.7664956057641619,75.93,79.96,75
2025-10-21 22:26:35,546,DLR,0.9238230869410856,60.93,109.99,94
2025-10-22 20:48:16,547,DLR,0.7639756103067231,61.06,107.05,75
2025-10-22 12:45:41,548,DLR,0.6981872104966086,69.93,81.75,71
2025-10-19 09:43:35,549,DLR,0.6041192003771543,69.23,94.44,62
2025-10-24 11:39:15,550,DLR,0.7984809683805869,65.1,103.3,79
2025-10-21 05:47:01,551,DLR,0.8270393387552676,65.22,88.56,81
2025-10-18 17:27:33,552,DLR,0.7149102008678295,83.29,93.54,71
2025-10-22 23:51:42,553,DLR,0.7583210066802138,79.09,99.77,74
2025-10-21 00:41:23,554,DLR,0.7745255109975286,81.93,82.11,78
2025-10-23 18:58:25,555,DLR,0.6512715866332477,78.29,73.94,67
2025-10-21 04:33:40,556,DLR,0.6574920096551619,80.6,80.32,68
2025-10-23 18:13:03,557,DLR,0.84096619991284,67.97,95.08,84
2025-10-22 07:13:51,558,DLR,0.8215522277106927,63.03,103.25,83
2025-10-24 09:33:14,559,DLR,0.6208017823490596,66.97,81.95,62
2025-10-22 10:04:02,560,DLR,0.6441528834570118,64.84,77.67,64
2025-10-24 16:56:45,561,DLR,0.632160878392851,66.52,72.67,64
2025-10-21 13:20:48,562,DLR,0.761758346291048,73.41,86.36,78
2025-10-22 05:50:38,563,DLR,0.8672485745541858,65.97,92.09,87
2025-10-24 08:03:13,564,DLR,0.6820965128366792,83.16,87.86,70
2025-10-21 07:06:28,565,DLR,0.8775794301156914,77.69,101.07,86
2025-10-19 07:28:50,566,DLR,0.7877650765071105,60.87,99.86,79
2025-10-23 23:22:26,567,DLR,0.9483260096480894,57.21,186.19093967762058,95
2025-10-18 12:45:52,568,DLR,0.6242768330066312,64.83,86.4,63
2025-10-22 11:48:29,569,DLR,0.9395773826615095,73.63,93.12,95
2025-10-19 18:02:33,570,DLR,0.6497717487403945,73.28,81.88,66
2025-10-20 01:08:02,571,DLR,0.7803517659660564,70.43,89.48,79
2025-10-23 12:36:36,572,DLR,0.6252577728290921,83.26,73.66,63
2025-10-19 00:40:23,573,DLR,0.8906919313265708,64.48,90.89,89
2025-10-18 03:07:06,574,DLR,0.7534812462221225,70.21,94.59,74
2025-10-18 15:23:32,575,DLR,0.6773580750254611,70.8,77.6,69
2025-10-24 02:38:51,576,DLR,0.746479915494186,76.17,86.2,75
2025-10-19 19:55:48,577,DLR,0.7069143861771059,70.05,104.52,72
2025-10-20 05:44:07,578,DLR,0.8334902890543937,62.16,107.86,85
2025-10-22 20:38:00,579,DLR,0.8593449675597654,74.84,104.67,87
2025-10-22 01:24:56,580,DLR,,74.52,82.42,76
2025-10-20 18:57:36,581,DLR,0.8630542196327733,61.91,84.97,86
2025-10-18 18:50:48,582,DLR,0.7492969729804657,74.0,95.86,76
2025-10-20 02:16:49,583,DLR,0.7409623097606313,76.6,99.86,75
2025-10-22 19:14:37,584,DLR,0.8788405348206842,64.38,93.66,86
2025-10-24 13:47:14,585,DLR,0.8502149739733456,61.1,88.27,84
2025-10-18 21:21:54,586,DLR,0.8894642094374494,78.2,104.17,91
2025-10-19 18:37:14,587,DLR,0.8788610419945224,76.09,111.77,86
2025-10-24 05:25:46,588,DLR,0.8901860102157886,59.42,105.43,90
2025-10-24 15:36:14,589,DLR,0.8246255472419648,60.38,93.35,83
2025-10-24 18:23:55,590,DLR,0.6122461260279988,71.0,76.24,60
2025-10-20 07:59:53,591,DLR,0.9185664571202184,60.72,87.99,91
2025-10-19 14:53:56,592,DLR,0.6244838091516778,68.51,86.77,61
2025-10-22 22:40:13,593,DLR,0.7300127614674554,,97.97,75
2025-10-23 16:14:13,594,DLR,0.933414246342285,63.84,114.14,92
2025-10-19 13:58:40,595,DLR,0.8070718328767048,79.1,101.6,81
2025-10-24 18:44:08,596,DLR,0.8494534732378298,75.36,95.01,84
2025-10-21 23:54:39,597,DLR,0.7051271106514094,77.01,87.15,70
2025-10-22 21:27:46,598,DLR,0.8250091414348285,59.85,108.28,81
2025-10-23 06:52:33,599,DLR,0.7321333081783048,73.35,98.88,74
2025-10-22 13:59:55,600,DLR,0.7593570627974007,69.53,78.1,77
2025-10-21 19:04:55,601,DLR,0.9030389996693713,79.44,92.47,92
2025-10-19 15:41:22,602,DLR,0.8786327519767838,76.72,110.08,88
2025-10-18 14:22:19,603,DLR,0.6137350092676033,67.32,83.19,63
2025-10-24 16:58:23,604,DLR,,56.59,101.52,94
2025-10-18 22:50:56,605,DLR,0.8031164967307577,80.96,101.5,81
2025-10-20 14:20:09,606,DLR,0.8088567333790667,72.75,96.96,81
2025-10-19 02:51:06,607,DLR,0.7476440197519573,70.24,79.42,75
2025-10-20 06:38:50,608,DLR,0.8255603697715457,74.34,103.58,84
2025-10-18 08:06:31,609,DLR,0.7729277215191712,68.82,96.32,77
2025-10-18 07:05:59,610,DLR,0.9157764696565391,71.97,99.01,92
2025-10-18 18:09:31,611,DLR,0.6464517066565607,80.45,73.11,64
2025-10-19 20:34:55,612,DLR,0.8215285361043247,73.2,87.86,82
2025-10-23 13:11:09,613,DLR,0.921395112368163,57.99,90.93,94
2025-10-22 21:23:48,614,DLR,0.8139466609469898,62.21,82.89,82
2025-10-20 11:35:36,615,DLR,0.7204676109881666,81.49,103.25,70
2025-10-24 20:25:37,616,DLR,0.9192431000249188,61.31,92.65,91
2025-10-19 07:09:13,617,DLR,0.7517512656904075,78.4,105.94,76
2025-10-20 06:21:57,618,DLR,0.7651027793952407,73.86,92.23,78
2025-10-20 10:12:07,619,DLR,0.8254866410338791,71.24,85.05,84
2025-10-23 20:44:28,620,DLR,0.6726630133237765,76.98,79.04,68
2025-10-23 02:26:38,621,DLR,0.9359229010471546,70.72,93.4,92
2025-10-23 23:46:28,622,DLR,0.7207571382378861,69.96,77.6,72
2025-10-19 01:11:06,623,DLR,0.8935277934053969,66.02,113.68,89
2025-10-23 21:49:02,624,DLR,0.8111249922853613,63.28,97.21,82
2025-10-21 03:21:36,625,DLR,0.7103448011039123,68.9,102.55,70
2025-10-20 23:51:07,626,DLR,0.7606328695640634,65.18,104.63,78
2025-10-20 01:48:46,627,DLR,0.9054683629511028,79.71,108.41,89
2025-10-23 17:11:13,628,DLR,0.7409346441097656,72.7,90.86,73
2025-10-22 13:06:56,629,DLR,0.7712336018214361,68.41,82.01,77
2025-10-19 14:06:50,630,DLR,0.836086085802588,65.63,111.78,83
2025-10-24 11:22:31,631,DLR,0.8309676731070474,79.95,97.57,85
2025-10-19 00:16:32,632,DLR,0.9067204188921193,58.66,86.88,90
2025-10-19 00:30:47,633,DLR,0.931977455513936,59.5,111.61,94
2025-10-24 07:06:21,634,DLR,0.755448432755264,62.51,105.94,76
2025-10-19 21:30:52,635,DLR,0.6330228074960622,73.66,86.01,64
2025-10-23 20:51:48,636,DLR,0.8663121883821948,72.08,89.64,86
2025-10-23 08:24:47,637,DLR,0.6632644365348261,81.83,97.17,65
2025-10-22 18:58:42,638,DLR,0.6522009589452827,77.43,93.1,66
2025-10-20 12:45:36,639,DLR,0.683349618286122,65.24,97.43,69
2025-10-21 19:03:04,640,DLR,0.7082129673505386,65.15,79.11,70
2025-10-20 22:37:48,641,DLR,0.7138622897937231,83.09,103.04,72
2025-10-19 11:37:32,642,DLR,0.760134003631296,61.02,80.22,76
2025-10-19 19:26:14,643,DLR,0.642244242597739,62.69,72.99,63
2025-10-21 13:56:34,644,DLR,0.8466541600267002,,99.58,61
2025-10-21 19:46:09,645,DLR,0.6292380235102664,85.29,72.36,63
2025-10-21 12:44:46,646,DLR,0.7471300189496762,68.63,81.0,74
2025-10-20 03:20:40,647,DLR,0.8387011601754987,60.45,87.21,83
2025-10-19 00:33:37,648,DLR,0.6354301479235044,77.73,82.0,62
2025-10-21 23:17:03,649,DLR,0.9051301014594726,60.75,94.15,91
2025-10-22 22:55:02,650,DLR,0.8882049614760097,60.05,96.5,90
2025-10-23 22:37:32,651,DLR,0.7824042802140191,77.18,96.01,77
2025-10-23 15:54:28,652,DLR,0.7472860303444328,65.97,88.45,74
2025-10-19 12:24:40,653,DLR,0.920108940500823,65.5,107.64,91
2025-10-19 23:18:02,654,DLR,0.8508594926692343,69.03,96.29,86
2025-10-18 11:59:42,655,DLR,0.7394157258563061,74.79,101.86,75
2025-10-24 19:31:44,656,DLR,0.6687695788437654,82.81,84.21,65
2025-10-23 14:42:21,657,DLR,0.7472613316340306,65.73,101.4,77
2025-10-21 17:31:45,658,DLR,0.7467884452229714,67.11,90.26,76
2025-10-22 22:12:58,659,DLR,0.6383666094648668,63.11,98.0,62
2025-10-22 04:45:28,660,DLR,0.7341510349254823,77.93,94.32,72
2025-10-22 06:41:42,661,DLR,0.7153817296547242,71.94,77.52,71
2025-10-21 02:55:14,662,DLR,0.8695264914655039,72.61,106.72,86
2025-10-22 12:51:43,663,DLR,0.863332154749006,75.12,93.89,87
2025-10-23 04:35:39,664,DLR,0.6416724245789012,74.94,76.39,63
2025-10-18 13:23:27,665,DLR,0.8532507637550544,65.05,102.93,86
2025-10-20 22:39:34,666,DLR,0.6118837332764855,67.21,75.75,60
2025-10-18 06:02:41,667,DLR,0.9176730412010184,59.39,96.6,91
2025-10-19 23:11:56,668,DLR,0.8619231400415877,59.31,101.33,86
2025-10-22 02:49:39,669,DLR,0.8455047596576877,74.83,83.95,85
2025-10-20 07:34:29,670,DLR,0.8326702421063019,64.64,104.08,82
2025-10-19 03:38:26,671,DLR,0.6781998457034303,78.37,97.55,68
2025-10-22 16:57:03,672,DLR,0.7837706577771033,59.52,107.17,100
2025-10-21 11:42:05,673,DLR,0.8092430263497357,70.02,94.5,80
2025-10-22 12:29:13,674,DLR,0.6943427007345954,63.64,87.33,69
2025-10-24 15:06:47,675,DLR,0.6404914078885942,80.64,80.06,64
2025-10-18 08:19:03,676,DLR,,70.74,86.23,92
2025-10-21 01:58:33,677,DLR,0.6849268195851883,69.91,75.65,68
2025-10-24 08:57:43,678,DLR,0.8499376652088181,77.75,90.06,83
2025-10-19 21:25:25,679,DLR,0.9437075523144827,65.75,95.33,94
2025-10-24 02:59:35,680,DLR,0.7633078641232447,69.82,95.14,76
2025-10-22 04:13:26,681,DLR,0.9429295527797887,71.71,112.53,95
2025-10-24 11:53:18,682,DLR,0.6717356472570306,69.37,91.23,68
2025-10-24 11:28:28,683,DLR,0.6060369505206405,83.53,77.16,60
2025-10-20 12:50:30,684,DLR,0.6563162654283663,79.1,72.82,65
2025-10-19 06:33:51,685,DLR,0.6521461076966643,65.2,86.16,65
2025-10-18 19:42:00,686,DLR,0.7809666575572272,71.52,90.62,78
2025-10-22 04:49:36,687,DLR,0.6854095902804591,67.0,97.54,69
2025-10-21 13:07:09,688,DLR,0.8972453120171864,57.14,108.76,90
2025-10-20 15:16:28,689,DLR,0.7018815357223591,73.51,103.88,69
2025-10-20 19:09:03,690,DLR,0.7978847128114588,79.31,84.6,79
2025-10-18 15:27:08,691,DLR,0.9039555356834321,79.31,98.63,90
2025-10-18 10:27:17,692,DLR,0.9350615933014519,63.48,108.31,92
2025-10-21 10:28:42,693,DLR,0.7144197735348202,74.93,85.4,70
2025-10-18 23:14:49,694,DLR,0.634054425144701,76.08,87.5,65
2025-10-19 17:25:21,695,DLR,0.6128579828329563,74.01,72.78,61
2025-10-23 21:44:53,696,DLR,0.785543218696799,81.58,143.27979350079121,77
2025-10-24 03:33:15,697,DLR,0.7792568046302099,71.19,84.14,79
2025-10-20 03:31:47,698,DLR,0.6923073050562573,74.63,187.17295691073184,69
2025-10-20 00:53:54,699,DLR,0.6227465772500893,74.32,93.0,62
2025-10-24 18:59:28,700,DLR,0.8440203918031288,80.07,82.68,85
2025-10-22 19:16:09,701,DLR,0.7687271241028115,64.93,100.81,75
2025-10-24 00:11:08,702,DLR,0.9114091664707947,78.14,102.78,91
2025-10-18 05:39:12,703,DLR,0.6404064516193146,68.56,79.69,65
2025-10-20 04:09:11,704,DLR,0.8587192290345749,58.86,88.2,85
2025-10-20 15:51:20,705,DLR,0.7210510559464198,60.89,83.75,72
2025-10-18 02:52:53,706,DLR,0.8285379522810783,64.53,109.54,81
2025-10-19 14:35:19,707,DLR,0.815023245597609,61.54,102.4,82
2025-10-21 00:13:01,708,DLR,0.6357447852842256,66.49,85.42,63
2025-10-19 07:05:22,709,DLR,0.8387475999175283,69.01,96.33,82
2025-10-19 14:49:41,710,DLR,0.8845048449823958,60.18,101.8,87
2025-10-20 23:28:44,711,DLR,0.6568993755769782,67.86,88.3,64
2025-10-23 10:26:06,712,DLR,0.7082028424066695,83.39,96.44,72
2025-10-23 04:02:19,713,DLR,0.709562091699079,62.49,103.55,70
2025-10-20 23:18:59,714,DLR,0.7940636839348488,60.53,89.34,80
2025-10-22 09:32:27,715,DLR,0.842808187533888,70.52,85.33,83
2025-10-18 07:52:32,716,DLR,0.7129583207834694,83.53,95.04,70
2025-10-23 12:56:15,717,DLR,0.8943145035201339,68.73,85.31,91
2025-10-22 00:56:29,718,DLR,0.9379247096698098,78.41,100.13,95
2025-10-20 07:59:11,719,DLR,0.6040824760445718,67.78,93.41,61
2025-10-19 04:50:27,720,DLR,0.6075211195178074,62.96,90.2,62
2025-10-21 04:45:27,721,DLR,0.613211894809901,68.56,83.79,62
2025-10-20 05:22:04,722,DLR,0.8158052771939273,74.31,100.42,81
2025-10-22 22:12:41,723,DLR,0.647553610132447,70.04,75.62,63
2025-10-22 09:53:24,724,DLR,0.9372402765343415,71.99,95.13,94
2025-10-20 04:28:00,725,DLR,0.9110219896725559,57.68,85.62,91
2025-10-18 23:39:28,726,DLR,0.6869678182380131,68.37,97.94,69
2025-10-24 02:05:17,727,DLR,0.6857071730702473,64.01,75.32,68
2025-10-19 09:27:36,728,DLR,0.9489093508095195,72.41,113.36,95
2025-10-19 00:15:08,729,DLR,0.8858338225674045,69.59,87.67,88
2025-10-22 17:25:13,730,LLM,0.9357087297823617,59.56,135.59,93
2025-10-21 17:46:52,731,LLM,0.7509159847977726,64.05,140.44,76
2025-10-23 22:14:36,732,LLM,0.788882528218108,64.66,142.47,79
2025-10-19 01:52:28,733,LLM,0.7504427657590258,63.49,129.74,75
2025-10-19 10:07:53,734,LLM,0.7822090975401296,70.0,118.16,78
2025-10-24 17:06:44,735,LLM,0.86983336372074,60.29,134.05,87
2025-10-21 16:18:41,736,LLM,,77.25,144.98,84
2025-10-24 12:50:24,737,LLM,0.7762778429325112,70.23,144.32,77
2025-10-18 18:49:00,738,LLM,0.7168154481803083,72.82,107.36,72
2025-10-20 14:19:04,739,LLM,0.9358375740587289,76.44,141.74,94
2025-10-19 08:47:04,740,LLM,0.8600843983598739,70.44,125.34,86
2025-10-22 11:39:40,741,LLM,0.9466705051207154,62.08,142.27,95
2025-10-24 01:26:41,742,LLM,0.7287272166773553,65.85,104.71,73
2025-10-23 04:07:22,743,LLM,0.9774809575869279,56.11,140.67,97
2025-10-21 09:26:12,744,LLM,0.7720821747022446,74.05,125.71,77
2025-10-21 12:53:53,745,LLM,0.7980553611381973,66.46,108.44,79
2025-10-22 14:41:37,746,LLM,0.7550419547481364,76.92,139.26,75
2025-10-21 10:46:15,747,LLM,0.9014404147971159,60.83,148.27,89
2025-10-18 16:38:29,748,LLM,0.7971775253324875,75.3,129.38,80
2025-10-24 15:34:38,749,LLM,0.9214875348828353,58.1,141.15,92
2025-10-24 20:48:39,750,LLM,0.7021968685897737,78.22,123.75,69
2025-10-20 12:03:02,751,LLM,0.7400896899844345,78.1,108.88,75
2025-10-19 10:35:33,752,LLM,0.720808587662562,77.3,119.51,72
2025-10-21 22:21:49,753,LLM,0.8472504448147368,73.96,117.22,84
2025-10-23 19:48:25,754,LLM,0.9386887967337707,70.98,148.6,94
2025-10-22 17:36:37,755,LLM,0.7474368153621156,67.98,110.06,76
2025-10-19 09:12:48,756,LLM,,59.68,138.01,99
2025-10-24 01:53:37,757,LLM,0.8320553505825419,75.51,142.35,83
2025-10-24 19:18:14,758,LLM,0.8612947035879194,59.98,119.82,86
2025-10-24 11:17:17,759,LLM,0.9167058619123865,67.05,115.24,92
2025-10-23 20:09:51,760,LLM,0.9740199754133532,55.83,124.17,97
2025-10-20 04:06:45,761,LLM,,76.33,118.98,72
2025-10-21 03:45:28,762,LLM,0.906950081354104,71.28,138.62,90
2025-10-24 03:38:54,763,LLM,0.7754613688637536,69.56,121.81,77
2025-10-22 10:23:49,764,LLM,0.7238220600210489,77.18,108.21,73
2025-10-19 08:07:47,765,LLM,0.8811071183933097,61.36,114.31,88
2025-10-24 01:09:48,766,LLM,0.8493149392281385,58.85,140.15,85
2025-10-24 11:04:18,767,LLM,0.8749561790978335,60.08,124.69,88
2025-10-22 05:32:32,768,LLM,0.8162552870557969,73.2,121.19,81
2025-10-22 20:11:20,769,LLM,0.7554919345787466,65.33,116.64,75
2025-10-19 18:43:31,770,LLM,0.8740704731747544,66.55,132.71,88
2025-10-19 09:26:02,771,LLM,0.753672953564934,67.23,104.76,76
2025-10-19 15:28:10,772,LLM,0.9449746420608773,,116.54,95
2025-10-22 15:54:13,773,LLM,0.7440896261004678,80.69,202.0658763363165,75
2025-10-18 18:45:56,774,LLM,0.7804573572159325,78.69,125.59,78
2025-10-21 12:44:22,775,LLM,0.9114514648964829,60.19,138.72,90
2025-10-18 09:25:02,776,LLM,0.7705305769710691,,131.69,77
2025-10-21 22:13:44,777,LLM,0.913004204575022,59.66,118.67,91
2025-10-21 22:44:52,778,LLM,0.8880493309818562,72.51,146.59,90
2025-10-21 07:17:52,779,LLM,0.7705846568959007,67.09,105.57,77
2025-10-22 06:56:49,780,LLM,,77.6,231.4745926738107,86
2025-10-22 14:45:55,781,LLM,0.8120959711287595,77.69,123.4,82
2025-10-21 10:28:11,782,LLM,0.8053045015051488,78.44,143.02,80
2025-10-20 09:49:32,783,LLM,0.9331931409507501,63.11,227.641647162733,93
2025-10-19 03:26:14,784,LLM,0.728539869071893,67.35,106.42,73
2025-10-20 01:29:36,785,LLM,0.789687851552977,71.44,128.81,80
2025-10-21 05:03:31,786,LLM,0.9167727435170215,62.57,115.52,92
2025-10-22 06:40:33,787,LLM,0.8946545675708357,63.88,128.39,89
2025-10-19 19:49:11,788,LLM,0.9633766786743303,71.52,148.96,96
2025-10-20 13:43:19,789,LLM,0.7721108190662387,75.04,107.04,78
2025-10-23 13:27:42,790,LLM,0.7038589782572043,66.83,108.46,71
2025-10-24 12:43:50,791,LLM,0.7281960300679636,77.19,119.01,74
2025-10-19 01:03:58,792,LLM,0.8276776376583153,59.67,146.55,82
2025-10-18 02:25:42,793,LLM,0.7421962772918095,76.01,127.18,74
2025-10-19 07:55:21,794,LLM,0.947622545853299,68.88,141.47,95
2025-10-20 10:55:18,795,LLM,0.7972822164205873,61.74,138.95,79
2025-10-20 04:49:43,796,LLM,0.7983272264185156,69.48,112.18,79
2025-10-18 01:57:38,797,LLM,0.9032301282143407,70.19,139.28,91
2025-10-21 06:34:32,798,LLM,0.9717244325647896,62.88,118.82,96
2025-10-20 00:32:29,799,LLM,0.7251868151609947,74.59,131.36,72
2025-10-20 22:46:08,800,LLM,0.9333602622488536,67.31,140.42,94
2025-10-21 17:19:10,801,LLM,0.8352995895068589,78.0,136.62,84
2025-10-19 21:41:30,802,LLM,0.8430606648340969,73.31,116.79,84
2025-10-20 07:42:25,803,LLM,0.8239964151195471,71.23,133.36,82
2025-10-20 21:23:42,804,LLM,0.8506579263280318,63.67,143.33,84
2025-10-19 04:39:03,805,LLM,0.8318537649844113,76.39,110.3,82
2025-10-18 06:40:15,806,LLM,0.9594246486471356,75.07,144.26,96
2025-10-23 08:56:47,807,LLM,0.7511633671788754,68.89,215.5455901207881,74
2025-10-23 05:50:16,808,LLM,0.7917137728232652,79.75,114.68,80
2025-10-19 14:16:21,809,LLM,0.8075459338943375,62.71,119.33,81
2025-10-19 13:17:12,810,LLM,0.9385132968576058,59.4,139.83,94
2025-10-23 22:40:44,811,LLM,0.7638426046519596,78.73,128.34,76
2025-10-24 21:00:14,812,LLM,0.9060156327374651,61.12,152.15,91
2025-10-21 13:22:34,813,LLM,0.782856354068665,62.26,129.75,77
2025-10-21 00:25:30,814,LLM,0.9814107030481471,65.41,122.81,98
2025-10-22 07:12:03,815,LLM,0.8857112879238398,72.35,131.83,88
2025-10-18 19:11:39,816,LLM,0.9848462991371734,57.2,144.29,99
2025-10-20 20:49:38,817,LLM,0.814392043574615,76.98,136.68,81
2025-10-20 00:09:45,818,LLM,0.7050002975157427,73.85,104.31,70
2025-10-18 14:21:29,819,LLM,0.7032514846713488,75.35,113.11,69
2025-10-21 22:07:59,820,LLM,0.9703920862297613,57.05,147.64,98
2025-10-21 13:26:37,821,LLM,0.905191384781476,76.57,283.61868119297515,91
2025-10-22 22:59:17,822,LLM,0.7845288651245694,65.33,127.27,79
2025-10-19 00:27:00,823,LLM,0.8938917128413333,69.67,138.87,90
2025-10-18 23:59:44,824,LLM,0.852348395713892,68.7,127.84,86
2025-10-20 14:11:50,825,LLM,0.8295872552764475,65.51,135.58,83
2025-10-19 17:49:12,826,LLM,0.7822899081502679,68.6,116.47,79
2025-10-22 11:43:50,827,LLM,0.8734756536434855,63.94,122.78,87
2025-10-21 18:37:11,828,LLM,0.8840199561024433,71.01,138.52,89
2025-10-23 18:52:39,829,LLM,0.9464104029906305,75.23,152.75,94
2025-10-22 07:30:16,830,LLM,0.8271312065905236,60.08,110.11,82
2025-10-22 19:42:40,831,LLM,0.7632928068528324,72.37,106.27,76
2025-10-22 06:59:46,832,LLM,0.8666856564516601,71.02,130.31,86
2025-10-21 21:08:22,833,LLM,0.7258898934973023,75.69,102.82,72
2025-10-24 22:29:23,834,LLM,0.8132769459783371,68.58,126.15,81
2025-10-22 04:15:01,835,LLM,0.8294344647933783,64.48,124.11,83
2025-10-22 23:24:25,836,LLM,0.8867485285722494,74.39,144.14,89
2025-10-22 12:54:51,837,LLM,0.7308820513094437,62.76,124.45,74
2025-10-20 22:06:37,838,LLM,0.858822269727436,76.65,123.71,87
2025-10-23 00:23:35,839,LLM,0.8228776821354025,70.61,146.23,83
2025-10-19 09:34:52,840,LLM,0.9287849304278483,74.65,126.83,92
2025-10-18 18:31:57,841,LLM,0.7702534469122501,78.36,107.87,78
2025-10-18 09:37:31,842,LLM,0.9274978900553226,62.76,121.04,94
2025-10-20 15:49:28,843,LLM,0.7328305863455329,73.31,119.9,73
2025-10-19 15:10:29,844,LLM,0.9713705166979568,69.52,121.32,98
2025-10-23 10:39:04,845,LLM,0.7287524763022363,61.95,113.58,72
2025-10-22 06:44:49,846,LLM,0.7502436926907712,67.57,138.82,75
2025-10-22 05:59:37,847,LLM,0.8145005288345977,67.67,245.0238440289591,82
2025-10-18 06:56:50,848,LLM,0.9053544127828415,73.05,135.89,90
2025-10-18 10:49:36,849,LLM,0.883004015783651,59.85,112.75,88
2025-10-20 06:52:34,850,LLM,0.8281950411027369,62.89,126.28,83
2025-10-22 06:40:45,851,LLM,0.7195854968089407,71.1,128.38,71
2025-10-22 23:19:57,852,LLM,0.7309195063202066,68.77,102.31,73
2025-10-23 08:06:43,853,LLM,0.7562082060800769,68.72,109.58,76
2025-10-24 17:36:08,854,LLM,0.9646608661683114,57.23,144.43,97
2025-10-23 12:47:27,855,LLM,0.773433623433543,79.82,114.66,76
2025-10-23 00:55:33,856,LLM,0.8232177620128939,69.28,146.24,83
2025-10-19 04:11:16,857,LLM,0.9117878428338462,60.17,141.78,91
2025-10-20 03:00:44,858,LLM,0.9223177871612676,63.67,122.93,91
2025-10-19 10:07:15,859,LLM,0.7081207561625005,63.34,101.77,71
2025-10-18 07:44:08,860,LLM,0.819489226759516,67.63,110.1,82
2025-10-21 09:55:33,861,LLM,0.9669231066131652,56.27,152.09,96
2025-10-18 15:22:58,862,LLM,0.9542409838023185,68.29,123.52,96
2025-10-23 11:50:27,863,LLM,0.7876189077350083,74.27,129.41,100
2025-10-22 04:14:08,864,LLM,0.9292160827233991,71.11,145.6,93
2025-10-18 20:37:37,865,LLM,0.8286692582686699,63.75,131.09,82
2025-10-24 20:34:57,866,LLM,0.704567365361457,81.07,123.49,70
2025-10-22 05:03:19,867,LLM,0.84511508340262,68.69,113.5,84
2025-10-19 04:17:57,868,LLM,0.7303560616095088,73.85,124.07,74
2025-10-20 09:13:47,869,LLM,0.8593588398969713,68.73,145.85,86
2025-10-22 04:26:55,870,LLM,0.88283100593629,72.86,113.97,89
2025-10-21 11:11:03,871,LLM,0.9477796798475838,62.67,127.59,95
2025-10-24 13:48:16,872,LLM,0.7846932377249899,60.41,125.78,79
2025-10-19 13:24:59,873,LLM,0.7762895640470296,71.24,115.78,77
2025-10-19 01:14:14,874,LLM,,67.94,120.9,70
2025-10-18 02:54:18,875,LLM,0.9612474555878157,57.41,133.21,97
2025-10-22 01:51:46,876,LLM,0.7882075479685507,61.72,138.85,79
2025-10-18 15:52:54,877,LLM,0.9701700638750017,72.6,118.24,97
2025-10-19 08:33:42,878,LLM,0.7155586813945751,67.8,123.32,72
2025-10-18 06:06:47,879,LLM,,71.23,111.47,84
2025-10-21 23:27:32,880,LLM,0.7853237570811282,78.12,113.62,79
2025-10-19 13:48:01,881,LLM,0.9574107453036487,66.66,128.05,96
2025-10-22 17:06:40,882,LLM,0.8638197733622772,59.36,148.82,87
2025-10-24 09:39:12,883,LLM,0.8566077083767086,68.92,127.88,86
2025-10-22 18:09:22,884,LLM,0.8802989575943175,76.61,146.94,87
2025-10-21 23:52:43,885,LLM,0.8946120372989299,71.42,130.07,90
2025-10-22 23:56:29,886,LLM,0.7912104378818149,70.61,120.98,78
2025-10-21 00:30:47,887,LLM,0.9449206455686943,56.91,126.9,95
2025-10-23 22:43:38,888,LLM,0.9157514485059347,60.55,136.87,92
2025-10-22 17:04:51,889,LLM,0.8713238162958523,67.6,122.86,87
2025-10-24 09:31:51,890,LLM,0.7368919351435665,81.53,104.71,73
2025-10-18 02:17:22,891,LLM,0.9449604319506189,71.38,140.03,94
2025-10-18 20:44:02,892,LLM,0.9681216127050916,63.2,136.75,97
2025-10-23 17:20:01,893,LLM,0.8286099490640633,62.34,110.66,84
2025-10-18 23:27:50,894,LLM,,76.99,117.06,82
2025-10-20 08:36:28,895,LLM,0.9085264113269459,63.99,139.33,91
2025-10-18 11:43:26,896,LLM,0.9091071294970212,60.69,129.22,92
2025-10-19 20:20:25,897,LLM,0.779340430174122,79.0,131.25,79
2025-10-21 09:55:44,898,LLM,0.717157664076709,68.16,105.65,71
2025-10-22 19:44:14,899,LLM,0.8642734243033989,59.84,117.57,86
2025-10-19 20:19:46,900,LLM,0.9256053991199931,71.91,151.83,93
2025-10-19 15:22:19,901,LLM,0.7528643637732447,66.78,119.03,75
2025-10-22 12:57:37,902,LLM,0.7801909153308282,61.8,119.79,77
2025-10-20 07:25:04,903,LLM,0.8309800298956255,66.81,135.84,83
2025-10-23 20:38:30,904,LLM,0.8614439376165673,61.43,122.87,86
2025-10-18 13:56:46,905,LLM,0.9716091525015609,59.98,128.75,96
2025-10-23 18:13:31,906,LLM,0.7572658588102923,65.83,130.44,77
2025-10-19 20:07:26,907,LLM,0.8383605647603711,78.46,134.26,84
2025-10-20 15:10:56,908,LLM,0.9833921914427091,60.29,139.27,99
2025-10-23 01:19:43,909,LLM,0.7279058740713187,73.82,113.34,72
2025-10-22 20:11:36,910,LLM,0.9525806507946614,57.86,140.39,96
2025-10-24 06:16:24,911,LLM,0.7723883447590913,60.92,128.68,77
2025-10-18 19:00:52,912,LLM,0.9135281070056251,60.55,131.13,91
2025-10-20 02:53:16,913,LLM,0.8859483672476425,,138.96,89
2025-10-20 12:32:35,914,LLM,0.8971416100222198,62.27,128.13,89
2025-10-21 01:56:38,915,LLM,0.8329597688017764,63.93,131.89,84
2025-10-19 22:48:21,916,LLM,0.94953717753213,57.92,129.4,95
2025-10-20 04:12:51,917,LLM,0.9213169062608326,71.22,144.82,92
2025-10-23 01:28:27,918,LLM,0.8049129642940344,72.0,118.81,81
2025-10-21 09:38:08,919,LLM,0.7313590947245853,67.25,112.48,72
2025-10-23 07:38:22,920,LLM,0.7597759925348405,79.65,109.65,75
2025-10-23 01:35:59,921,LLM,0.9303859142729808,73.37,124.2,92
2025-10-22 08:13:49,922,LLM,0.7902883510379441,62.38,105.47,79
2025-10-18 05:01:27,923,LLM,0.9094029045424753,72.56,135.14,91
2025-10-19 14:27:34,924,LLM,0.9651786629922326,73.08,271.4168994802883,97
2025-10-21 09:59:12,925,LLM,0.7352145613161696,,133.67,74
2025-10-23 00:12:27,926,LLM,0.7339001058295425,74.25,101.4,74
2025-10-20 13:14:39,927,LLM,0.7688086790037227,71.8,109.14,77
2025-10-24 11:31:37,928,LLM,0.7451861353930463,70.2,140.18,76
2025-10-23 05:56:41,929,LLM,0.8103769199182929,75.56,112.06,81
2025-10-18 20:23:24,930,LLM,0.7532390381655445,69.3,130.86,74
2025-10-22 13:26:30,931,LLM,0.7227873332855659,74.01,126.47,72
2025-10-23 01:48:57,932,LLM,0.9095447187919878,,142.54,91
2025-10-22 10:41:16,933,LLM,0.8124080538116661,64.25,141.45,82
2025-10-21 10:38:34,934,LLM,0.7982470369549246,69.27,129.12,81
2025-10-21 08:18:28,935,LLM,0.7982798628266319,66.47,132.59,80
2025-10-21 10:23:40,936,LLM,0.875863526654379,60.1,123.07,88
2025-10-21 16:06:26,937,LLM,0.9171641775987578,60.19,148.66,93
2025-10-18 08:45:02,938,LLM,0.9730578147844215,71.06,128.57,97
2025-10-19 10:59:22,939,LLM,0.8375252879323952,73.01,143.33,83
2025-10-22 10:52:20,940,LLM,0.8797021554822717,60.26,135.33,88
2025-10-22 04:47:40,941,LLM,0.9424320119668667,57.15,139.58,95
2025-10-24 17:12:25,942,LLM,0.9750416611991137,60.13,132.76,98
2025-10-21 07:59:23,943,LLM,0.8855866100595151,76.42,127.54,89
2025-10-22 13:18:09,944,LLM,0.9453697106616575,62.95,119.36,94
2025-10-24 10:09:03,945,LLM,0.8612152722976578,64.89,114.39,86
2025-10-22 09:21:26,946,LLM,0.9161624489339257,66.07,124.24,91
2025-10-23 08:49:02,947,LLM,0.9841453726821736,62.71,151.22,99
2025-10-18 05:39:58,948,LLM,0.9389589375277134,75.47,116.68,94
2025-10-23 15:39:48,949,LLM,,68.4,143.56,81
2025-10-21 00:58:27,950,LLM,0.7762550022613517,66.67,115.17,78
2025-10-22 06:34:23,951,LLM,0.8727975942932501,62.79,137.39,87
2025-10-23 05:40:07,952,LLM,,73.44,121.72,73
2025-10-23 12:17:00,953,LLM,0.8021272091903403,60.29,129.55,80
2025-10-24 22:52:37,954,LLM,0.7279279914980415,73.99,104.74,73
2025-10-24 17:35:49,955,LLM,0.8344099051844605,67.91,142.54,84
2025-10-18 21:21:49,956,LLM,0.7274295976457769,74.08,107.79,72
2025-10-23 03:47:47,957,LLM,0.8578666780632912,74.8,126.46,86
2025-10-23 03:02:46,958,LLM,0.821285132069291,62.07,128.62,83
2025-10-21 17:25:12,959,LLM,0.9014917029225289,70.33,139.93,89
2025-10-21 05:01:30,960,LLM,0.7475858832283672,73.52,123.46,74
2025-10-19 05:34:51,961,LLM,0.8948087653750796,65.19,143.66,90
2025-10-19 15:00:21,962,LLM,0.7183559453444747,63.31,126.71,72
2025-10-20 17:12:40,963,LLM,0.942244730305215,56.86,116.06,93
2025-10-18 05:13:12,964,LLM,0.7744342106107371,71.73,113.7,77
2025-10-18 03:27:45,965,LLM,0.7380361120404911,64.97,125.45,74
2025-10-21 23:11:16,966,LLM,0.7397370739326252,81.26,111.94,74
2025-10-22 00:52:20,967,LLM,0.9837846680130211,72.28,137.06,98
2025-10-22 07:13:45,968,LLM,0.8691224781321124,76.18,117.79,87
2025-10-20 04:54:00,969,LLM,0.8951666252311056,65.83,123.61,90
2025-10-21 18:31:23,970,LLM,0.9473799139506903,66.66,134.85,96
2025-10-24 22:04:03,971,LLM,0.9079844684998679,71.52,135.99,90
2025-10-21 20:14:23,972,LLM,0.7743837598932971,70.83,114.43,77
